,date,status,message
1880,2023-12-15 13:26:18.621254,status3,Running smoothly
750,2023-12-15 12:29:30.163697,status4,Server is dreaming of electric sheep
155,2023-12-15 11:58:39.455834,status2,Server is dreaming of electric sheep
738,2023-12-15 12:28:52.055346,status3,Server is running on pure caffeine
172,2023-12-15 11:59:46.555205,status17,Server is questioning its existence
511,2023-12-15 12:17:14.439122,status15,On fire
998,2023-12-15 12:42:04.669938,status7,On fire
1873,2023-12-15 13:25:49.580999,status1,Server is craving for digital pizza
416,2023-12-15 12:12:13.904915,status12,Taking a nap
1349,2023-12-15 12:59:18.076986,status3,On fire
1846,2023-12-15 13:24:34.382905,status6,Server is running on pure caffeine
100,2023-12-15 11:56:20.134674,status3,Taking a nap
1736,2023-12-15 13:19:02.465195,status16,Taking a nap
771,2023-12-15 12:30:38.343889,status13,Feeling happy
1012,2023-12-15 12:42:52.807874,status16,Running smoothly
1439,2023-12-15 13:03:40.806872,status9,Server is questioning its existence
219,2023-12-15 12:02:17.836939,status17,Server is questioning its existence
1588,2023-12-15 13:11:37.471706,status17,Server is running on pure caffeine
362,2023-12-15 12:09:23.603885,status12,Feeling happy
1694,2023-12-15 13:17:08.198140,status10,Server is questioning its existence
1601,2023-12-15 13:12:20.608435,status3,On fire
527,2023-12-15 12:17:54.577161,status9,Feeling happy
1379,2023-12-15 13:00:42.262644,status2,Server is questioning its existence
1160,2023-12-15 12:49:52.850383,status19,Feeling happy
256,2023-12-15 12:04:04.033870,status11,On fire
1383,2023-12-15 13:01:00.289446,status18,Feeling sad
16,2023-12-15 11:52:16.593772,status10,Server is questioning its existence
7,2023-12-15 11:51:55.540131,status17,Server is running on pure caffeine
1872,2023-12-15 13:25:48.578388,status17,Server is running on pure caffeine
1617,2023-12-15 13:13:06.752589,status2,Server is running on pure caffeine
47,2023-12-15 11:53:49.782814,status5,Server is questioning its existence
1794,2023-12-15 13:21:46.841431,status17,Server is running on pure caffeine
983,2023-12-15 12:41:27.548257,status19,Server is craving for digital pizza
1602,2023-12-15 13:12:25.616475,status11,Server is plotting world domination
534,2023-12-15 12:18:16.633952,status5,Feeling sad
743,2023-12-15 12:29:06.107217,status4,Feeling sad
1236,2023-12-15 12:53:31.347168,status17,Feeling sad
448,2023-12-15 12:13:44.061835,status0,Running smoothly
1623,2023-12-15 13:13:27.788651,status16,Server is dreaming of electric sheep
704,2023-12-15 12:27:15.795475,status5,Taking a nap
335,2023-12-15 12:07:59.455827,status12,On fire
684,2023-12-15 12:26:07.644736,status2,Server is plotting world domination
1352,2023-12-15 12:59:25.089693,status9,Feeling happy
472,2023-12-15 12:15:05.216693,status9,Server is dreaming of electric sheep
1097,2023-12-15 12:46:43.421368,status11,Taking a nap
1431,2023-12-15 13:03:16.717658,status15,Server is dreaming of electric sheep
1434,2023-12-15 13:03:25.760060,status18,Server is plotting world domination
1305,2023-12-15 12:56:56.787204,status15,Server is running on pure caffeine
739,2023-12-15 12:28:55.068713,status5,Feeling sad
385,2023-12-15 12:10:33.724840,status4,Server is questioning its existence
1297,2023-12-15 12:56:33.725766,status16,Server is dreaming of electric sheep
971,2023-12-15 12:40:54.463653,status12,Taking a nap
304,2023-12-15 12:06:30.286440,status20,Feeling happy
656,2023-12-15 12:24:45.494413,status7,Server is plotting world domination
700,2023-12-15 12:27:05.758059,status19,Feeling happy
130,2023-12-15 11:57:30.299184,status19,Server is running on pure caffeine
1300,2023-12-15 12:56:44.753175,status7,Server is dreaming of electric sheep
30,2023-12-15 11:52:57.679387,status17,Server is plotting world domination
1613,2023-12-15 13:12:54.727955,status3,Server is plotting world domination
1337,2023-12-15 12:58:37.013792,status11,Feeling sad
322,2023-12-15 12:07:15.390562,status8,Taking a nap
1884,2023-12-15 13:26:31.645800,status19,Feeling sad
94,2023-12-15 11:56:01.093337,status10,Server is plotting world domination
21,2023-12-15 11:52:34.621770,status9,Server is dreaming of electric sheep
587,2023-12-15 12:21:07.077572,status20,Running smoothly
1770,2023-12-15 13:20:29.669978,status14,Running smoothly
1779,2023-12-15 13:20:58.725104,status20,Server is questioning its existence
789,2023-12-15 12:31:32.454567,status2,Feeling sad
641,2023-12-15 12:24:02.411098,status13,Server is plotting world domination
712,2023-12-15 12:27:43.867986,status3,Running smoothly
1785,2023-12-15 13:21:16.766903,status16,Server is plotting world domination
581,2023-12-15 12:20:51.020559,status19,Server is dreaming of electric sheep
491,2023-12-15 12:16:12.317457,status7,Server is plotting world domination
561,2023-12-15 12:19:40.859350,status6,Feeling sad
970,2023-12-15 12:40:49.456109,status16,Server is running on pure caffeine
1684,2023-12-15 13:16:46.151539,status16,Server is craving for digital pizza
725,2023-12-15 12:28:14.974677,status17,On fire
1369,2023-12-15 13:00:19.191914,status6,Server is questioning its existence
477,2023-12-15 12:15:19.242015,status3,Running smoothly
1159,2023-12-15 12:49:48.842754,status20,Server is craving for digital pizza
265,2023-12-15 12:04:28.086587,status16,Feeling happy
1429,2023-12-15 13:03:10.698608,status11,Feeling happy
1766,2023-12-15 13:20:22.645889,status15,Server is questioning its existence
534,2023-12-15 12:18:16.633952,status5,Feeling sad
153,2023-12-15 11:58:35.440481,status7,Server is craving for digital pizza
299,2023-12-15 12:06:11.261365,status5,Taking a nap
1114,2023-12-15 12:47:27.536999,status12,Server is plotting world domination
352,2023-12-15 12:08:54.550011,status10,Server is craving for digital pizza
253,2023-12-15 12:03:53.010964,status15,Server is questioning its existence
1898,2023-12-15 13:27:08.721380,status11,Running smoothly
814,2023-12-15 12:32:51.589993,status10,Server is questioning its existence
1107,2023-12-15 12:47:09.488435,status3,On fire
1562,2023-12-15 13:10:05.165483,status15,Server is dreaming of electric sheep
1536,2023-12-15 13:08:38.856703,status1,Server is dreaming of electric sheep
503,2023-12-15 12:16:45.382768,status13,Feeling sad
1608,2023-12-15 13:12:38.692889,status4,Server is questioning its existence
286,2023-12-15 12:05:28.199078,status20,On fire
1045,2023-12-15 12:44:38.108501,status8,Taking a nap
943,2023-12-15 12:39:27.298812,status18,Server is craving for digital pizza
1516,2023-12-15 13:07:30.620789,status16,Taking a nap
1155,2023-12-15 12:49:38.816502,status5,Feeling happy
1207,2023-12-15 12:52:09.166208,status14,Taking a nap
1430,2023-12-15 13:03:12.711382,status19,Feeling happy
682,2023-12-15 12:25:59.634547,status7,Running smoothly
1863,2023-12-15 13:25:22.517036,status10,Server is questioning its existence
985,2023-12-15 12:41:32.558366,status5,Server is dreaming of electric sheep
323,2023-12-15 12:07:20.397885,status20,Server is questioning its existence
1523,2023-12-15 13:07:54.702871,status0,Server is running on pure caffeine
273,2023-12-15 12:04:50.131979,status4,On fire
1083,2023-12-15 12:46:05.325002,status10,Server is craving for digital pizza
199,2023-12-15 12:01:15.739876,status0,Server is running on pure caffeine
644,2023-12-15 12:24:09.424731,status2,Feeling happy
99,2023-12-15 11:56:17.127740,status3,Server is questioning its existence
1185,2023-12-15 12:51:04.003159,status5,Server is questioning its existence
1652,2023-12-15 13:14:58.948005,status12,Server is running on pure caffeine
310,2023-12-15 12:06:49.323435,status18,Server is questioning its existence
1846,2023-12-15 13:24:34.382905,status6,Server is running on pure caffeine
1165,2023-12-15 12:50:09.881839,status11,Feeling sad
1574,2023-12-15 13:10:45.319109,status14,Server is running on pure caffeine
96,2023-12-15 11:56:09.109092,status11,Feeling sad
1822,2023-12-15 13:23:13.140565,status8,Server is plotting world domination
221,2023-12-15 12:02:20.847379,status7,Running smoothly
865,2023-12-15 12:35:25.874708,status18,Server is plotting world domination
1279,2023-12-15 12:55:47.619284,status3,Server is questioning its existence
316,2023-12-15 12:07:05.351471,status6,On fire
335,2023-12-15 12:07:59.455827,status12,On fire
1149,2023-12-15 12:49:18.773622,status20,Feeling sad
976,2023-12-15 12:41:07.489285,status16,Server is craving for digital pizza
913,2023-12-15 12:37:54.144904,status1,Feeling sad
831,2023-12-15 12:33:44.689448,status8,Server is questioning its existence
763,2023-12-15 12:30:13.271859,status13,Taking a nap
1675,2023-12-15 13:16:15.094349,status5,Taking a nap
1437,2023-12-15 13:03:33.788359,status11,Feeling sad
353,2023-12-15 12:08:58.557565,status5,Feeling sad
1079,2023-12-15 12:46:01.305313,status0,Feeling happy
1092,2023-12-15 12:46:29.376609,status15,Feeling happy
1298,2023-12-15 12:56:37.736382,status7,Taking a nap
1253,2023-12-15 12:54:26.467930,status8,Server is craving for digital pizza
830,2023-12-15 12:33:39.684765,status2,Server is plotting world domination
1731,2023-12-15 13:18:46.423281,status14,On fire
1212,2023-12-15 12:52:28.194427,status16,Server is dreaming of electric sheep
1218,2023-12-15 12:52:46.233085,status13,Server is plotting world domination
1429,2023-12-15 13:03:10.698608,status11,Feeling happy
1492,2023-12-15 13:06:15.373161,status12,Running smoothly
1092,2023-12-15 12:46:29.376609,status15,Feeling happy
1550,2023-12-15 13:09:29.027872,status11,Feeling happy
1200,2023-12-15 12:51:48.115573,status2,Running smoothly
1275,2023-12-15 12:55:37.602504,status16,On fire
575,2023-12-15 12:20:31.978064,status6,Running smoothly
578,2023-12-15 12:20:42.999118,status14,Server is craving for digital pizza
596,2023-12-15 12:21:40.160341,status11,Feeling sad
1463,2023-12-15 13:04:41.067064,status18,Server is questioning its existence
1233,2023-12-15 12:53:23.325198,status5,Feeling sad
526,2023-12-15 12:17:52.568456,status11,Taking a nap
48,2023-12-15 11:53:54.788663,status15,Server is craving for digital pizza
135,2023-12-15 11:57:42.328667,status3,On fire
1818,2023-12-15 13:23:04.091420,status20,Feeling sad
83,2023-12-15 11:55:29.021819,status17,Feeling sad
1113,2023-12-15 12:47:25.527719,status12,Server is dreaming of electric sheep
1266,2023-12-15 12:55:11.550221,status0,Taking a nap
929,2023-12-15 12:38:52.216963,status10,Server is questioning its existence
689,2023-12-15 12:26:28.670883,status3,Feeling happy
1522,2023-12-15 13:07:52.690592,status13,Server is plotting world domination
1582,2023-12-15 13:11:12.404327,status6,Server is plotting world domination
1017,2023-12-15 12:43:05.849205,status5,Running smoothly
662,2023-12-15 12:25:01.529929,status13,Server is dreaming of electric sheep
1498,2023-12-15 13:06:37.424149,status4,Server is running on pure caffeine
284,2023-12-15 12:05:20.189905,status14,Server is craving for digital pizza
1455,2023-12-15 13:04:19.975855,status8,Running smoothly
1702,2023-12-15 13:17:24.246004,status14,Server is running on pure caffeine
1685,2023-12-15 13:16:47.154403,status11,Server is dreaming of electric sheep
1883,2023-12-15 13:26:30.638606,status20,Server is running on pure caffeine
81,2023-12-15 11:55:23.008202,status9,Server is dreaming of electric sheep
690,2023-12-15 12:26:33.679563,status1,Feeling happy
1058,2023-12-15 12:45:11.207819,status14,Server is plotting world domination
735,2023-12-15 12:28:44.032983,status19,Server is running on pure caffeine
248,2023-12-15 12:03:39.982052,status9,On fire
1487,2023-12-15 13:05:59.320768,status12,On fire
1230,2023-12-15 12:53:14.305736,status5,Server is dreaming of electric sheep
762,2023-12-15 12:30:09.264054,status19,Server is plotting world domination
1356,2023-12-15 12:59:42.109561,status9,On fire
1543,2023-12-15 13:09:02.948130,status3,Taking a nap
491,2023-12-15 12:16:12.317457,status7,Server is plotting world domination
1669,2023-12-15 13:15:52.054456,status2,Feeling happy
178,2023-12-15 12:00:06.590277,status7,Server is craving for digital pizza
347,2023-12-15 12:08:40.528029,status11,Taking a nap
482,2023-12-15 12:15:35.267304,status11,Feeling happy
1372,2023-12-15 13:00:23.212828,status10,Feeling sad
210,2023-12-15 12:01:53.796585,status10,Feeling sad
351,2023-12-15 12:08:52.546440,status2,Server is plotting world domination
189,2023-12-15 12:00:43.677065,status5,Feeling sad
1033,2023-12-15 12:44:00.008923,status19,Server is plotting world domination
248,2023-12-15 12:03:39.982052,status9,On fire
1374,2023-12-15 13:00:25.227896,status11,Server is running on pure caffeine
1458,2023-12-15 13:04:29.007971,status15,Feeling sad
1100,2023-12-15 12:46:51.444759,status12,Taking a nap
647,2023-12-15 12:24:18.435728,status9,Server is dreaming of electric sheep
639,2023-12-15 12:23:56.402191,status13,Feeling happy
1180,2023-12-15 12:50:50.969124,status0,Running smoothly
192,2023-12-15 12:00:54.698484,status5,Feeling sad
59,2023-12-15 11:54:23.861785,status4,Server is plotting world domination
1372,2023-12-15 13:00:23.212828,status10,Feeling sad
705,2023-12-15 12:27:20.805133,status0,Server is craving for digital pizza
702,2023-12-15 12:27:11.772491,status3,Feeling sad
1327,2023-12-15 12:58:02.945675,status11,Running smoothly
493,2023-12-15 12:16:20.326869,status7,Taking a nap
986,2023-12-15 12:41:35.569645,status12,Running smoothly
1904,2023-12-15 13:27:22.758864,status19,Feeling sad
1027,2023-12-15 12:43:37.950743,status14,Feeling sad
743,2023-12-15 12:29:06.107217,status4,Feeling sad
1022,2023-12-15 12:43:21.902643,status16,Server is questioning its existence
967,2023-12-15 12:40:42.437663,status10,Feeling happy
402,2023-12-15 12:11:19.808053,status6,Server is craving for digital pizza
180,2023-12-15 12:00:10.598674,status5,Server is dreaming of electric sheep
1348,2023-12-15 12:59:14.075306,status10,Running smoothly
1774,2023-12-15 13:20:42.691703,status12,Server is plotting world domination
1497,2023-12-15 13:06:32.411865,status13,Server is craving for digital pizza
137,2023-12-15 11:57:47.338043,status8,Server is running on pure caffeine
1323,2023-12-15 12:57:56.920770,status19,On fire
330,2023-12-15 12:07:44.432698,status7,Server is plotting world domination
1482,2023-12-15 13:05:42.267005,status11,Server is questioning its existence
502,2023-12-15 12:16:44.375696,status11,Server is questioning its existence
336,2023-12-15 12:08:04.459075,status18,Server is questioning its existence
1295,2023-12-15 12:56:30.716583,status2,Feeling sad
839,2023-12-15 12:34:07.725319,status15,Feeling sad
1375,2023-12-15 13:00:30.234951,status5,Feeling happy
155,2023-12-15 11:58:39.455834,status2,Server is dreaming of electric sheep
195,2023-12-15 12:01:05.711549,status8,Server is dreaming of electric sheep
349,2023-12-15 12:08:44.537370,status12,Server is running on pure caffeine
1906,2023-12-15 13:27:30.769700,status10,Feeling happy
518,2023-12-15 12:17:32.491611,status11,Running smoothly
1306,2023-12-15 12:57:00.795088,status14,On fire
43,2023-12-15 11:53:40.755637,status18,Taking a nap
1679,2023-12-15 13:16:30.120076,status0,Feeling happy
829,2023-12-15 12:33:37.677503,status20,Feeling happy
714,2023-12-15 12:27:47.887597,status16,Feeling happy
1431,2023-12-15 13:03:16.717658,status15,Server is dreaming of electric sheep
1091,2023-12-15 12:46:26.366553,status4,Running smoothly
203,2023-12-15 12:01:27.756161,status0,On fire
1340,2023-12-15 12:58:48.029010,status15,Feeling sad
677,2023-12-15 12:25:44.605842,status16,Running smoothly
1367,2023-12-15 13:00:13.178804,status15,Feeling sad
366,2023-12-15 12:09:28.624468,status16,Server is questioning its existence
1717,2023-12-15 13:18:08.333085,status4,Taking a nap
1873,2023-12-15 13:25:49.580999,status1,Server is craving for digital pizza
1798,2023-12-15 13:22:01.887788,status16,Server is questioning its existence
907,2023-12-15 12:37:39.118481,status18,Server is craving for digital pizza
1698,2023-12-15 13:17:17.223239,status15,Taking a nap
1347,2023-12-15 12:59:10.074881,status18,Feeling happy
1055,2023-12-15 12:45:04.191054,status10,Feeling sad
1408,2023-12-15 13:02:15.489937,status12,Server is questioning its existence
801,2023-12-15 12:32:07.517994,status12,On fire
1912,2023-12-15 13:27:47.803160,status3,Taking a nap
163,2023-12-15 11:59:12.501648,status14,Server is plotting world domination
691,2023-12-15 12:26:38.684039,status19,Server is plotting world domination
26,2023-12-15 11:52:47.656298,status20,Server is dreaming of electric sheep
1370,2023-12-15 13:00:20.197351,status20,Server is plotting world domination
1881,2023-12-15 13:26:23.628172,status10,Server is questioning its existence
593,2023-12-15 12:21:31.128789,status0,Server is craving for digital pizza
912,2023-12-15 12:37:53.141773,status5,Server is running on pure caffeine
503,2023-12-15 12:16:45.382768,status13,Feeling sad
1230,2023-12-15 12:53:14.305736,status5,Server is dreaming of electric sheep
1087,2023-12-15 12:46:17.344198,status0,Server is questioning its existence
1216,2023-12-15 12:52:42.222346,status18,Taking a nap
24,2023-12-15 11:52:41.641280,status6,Feeling happy
234,2023-12-15 12:02:51.918388,status9,Server is questioning its existence
1008,2023-12-15 12:42:37.765250,status5,Server is dreaming of electric sheep
524,2023-12-15 12:17:48.543694,status6,Feeling sad
351,2023-12-15 12:08:52.546440,status2,Server is plotting world domination
1136,2023-12-15 12:48:35.688288,status11,Feeling happy
749,2023-12-15 12:29:26.158875,status7,On fire
1169,2023-12-15 12:50:19.910071,status17,Feeling happy
464,2023-12-15 12:14:36.158870,status15,On fire
759,2023-12-15 12:29:56.237848,status15,On fire
371,2023-12-15 12:09:45.652612,status7,Server is craving for digital pizza
290,2023-12-15 12:05:43.226253,status2,Feeling happy
213,2023-12-15 12:02:05.814312,status2,Server is plotting world domination
419,2023-12-15 12:12:21.914004,status5,Server is running on pure caffeine
299,2023-12-15 12:06:11.261365,status5,Taking a nap
91,2023-12-15 11:55:49.074156,status11,Server is running on pure caffeine
850,2023-12-15 12:34:40.789234,status10,Taking a nap
826,2023-12-15 12:33:29.659653,status8,Feeling happy
1044,2023-12-15 12:44:34.099501,status8,On fire
1322,2023-12-15 12:57:55.917481,status12,Server is questioning its existence
417,2023-12-15 12:12:14.907454,status4,Server is craving for digital pizza
447,2023-12-15 12:13:41.058870,status17,Server is running on pure caffeine
1634,2023-12-15 13:13:59.851561,status5,Server is dreaming of electric sheep
1053,2023-12-15 12:45:01.178639,status9,Server is dreaming of electric sheep
1437,2023-12-15 13:03:33.788359,status11,Feeling sad
1471,2023-12-15 13:04:59.153714,status4,Running smoothly
820,2023-12-15 12:33:10.620465,status9,Server is plotting world domination
993,2023-12-15 12:41:56.629182,status3,Taking a nap
393,2023-12-15 12:10:55.766934,status17,Server is plotting world domination
233,2023-12-15 12:02:48.915488,status11,Server is running on pure caffeine
496,2023-12-15 12:16:29.344440,status8,Server is craving for digital pizza
732,2023-12-15 12:28:37.020560,status10,Server is questioning its existence
1673,2023-12-15 13:16:07.080960,status14,Running smoothly
284,2023-12-15 12:05:20.189905,status14,Server is craving for digital pizza
1272,2023-12-15 12:55:27.588606,status5,Feeling happy
660,2023-12-15 12:24:58.524359,status17,Running smoothly
1273,2023-12-15 12:55:30.595744,status19,Server is craving for digital pizza
949,2023-12-15 12:39:48.329405,status1,Server is dreaming of electric sheep
1624,2023-12-15 13:13:28.792008,status8,Feeling happy
81,2023-12-15 11:55:23.008202,status9,Server is dreaming of electric sheep
1416,2023-12-15 13:02:33.554626,status17,Server is dreaming of electric sheep
227,2023-12-15 12:02:36.885568,status1,Server is questioning its existence
459,2023-12-15 12:14:26.128913,status20,Server is craving for digital pizza
1655,2023-12-15 13:15:09.968569,status3,Feeling happy
508,2023-12-15 12:17:04.410517,status15,Taking a nap
464,2023-12-15 12:14:36.158870,status15,On fire
1185,2023-12-15 12:51:04.003159,status5,Server is questioning its existence
1722,2023-12-15 13:18:20.367820,status20,Taking a nap
1764,2023-12-15 13:20:19.633868,status15,Server is craving for digital pizza
1627,2023-12-15 13:13:37.810278,status18,Taking a nap
500,2023-12-15 12:16:37.361856,status5,Taking a nap
152,2023-12-15 11:58:32.436964,status9,Server is plotting world domination
1830,2023-12-15 13:23:37.223142,status8,Taking a nap
218,2023-12-15 12:02:14.835941,status11,Taking a nap
271,2023-12-15 12:04:44.121660,status0,Server is dreaming of electric sheep
1857,2023-12-15 13:25:02.480206,status7,Feeling happy
1598,2023-12-15 13:12:13.580829,status7,Feeling happy
650,2023-12-15 12:24:29.458250,status1,Running smoothly
99,2023-12-15 11:56:17.127740,status3,Server is questioning its existence
1875,2023-12-15 13:25:55.593005,status15,Taking a nap
1855,2023-12-15 13:24:59.467573,status6,Server is questioning its existence
497,2023-12-15 12:16:32.348469,status13,On fire
616,2023-12-15 12:22:41.263946,status13,Server is plotting world domination
857,2023-12-15 12:35:00.831883,status16,Running smoothly
1027,2023-12-15 12:43:37.950743,status14,Feeling sad
1838,2023-12-15 13:24:09.301454,status16,Server is craving for digital pizza
1067,2023-12-15 12:45:36.240771,status10,Server is dreaming of electric sheep
48,2023-12-15 11:53:54.788663,status15,Server is craving for digital pizza
1258,2023-12-15 12:54:42.500126,status8,On fire
358,2023-12-15 12:09:17.583238,status4,Taking a nap
1857,2023-12-15 13:25:02.480206,status7,Feeling happy
1865,2023-12-15 13:25:30.530156,status3,Server is dreaming of electric sheep
1622,2023-12-15 13:13:22.782151,status1,On fire
1587,2023-12-15 13:11:32.457164,status19,On fire
1162,2023-12-15 12:49:57.864036,status9,Server is plotting world domination
1388,2023-12-15 13:01:18.330687,status12,Server is plotting world domination
608,2023-12-15 12:22:13.219286,status12,Feeling sad
1604,2023-12-15 13:12:27.641543,status18,Server is questioning its existence
942,2023-12-15 12:39:26.291636,status15,Server is plotting world domination
1193,2023-12-15 12:51:24.064537,status11,Taking a nap
297,2023-12-15 12:06:05.253634,status17,Server is craving for digital pizza
771,2023-12-15 12:30:38.343889,status13,Feeling happy
1607,2023-12-15 13:12:35.678393,status4,Feeling happy
1534,2023-12-15 13:08:33.832828,status8,Taking a nap
940,2023-12-15 12:39:21.277914,status2,Server is questioning its existence
556,2023-12-15 12:19:27.816581,status18,Feeling happy
1578,2023-12-15 13:11:01.362080,status10,Server is craving for digital pizza
1515,2023-12-15 13:07:25.608485,status4,Running smoothly
1507,2023-12-15 13:07:03.514646,status20,Feeling happy
734,2023-12-15 12:28:40.029612,status11,Server is craving for digital pizza
257,2023-12-15 12:04:06.039080,status15,Server is questioning its existence
1345,2023-12-15 12:59:04.063895,status10,Server is craving for digital pizza
1831,2023-12-15 13:23:41.233055,status16,Running smoothly
1557,2023-12-15 13:09:49.105956,status13,Server is craving for digital pizza
1330,2023-12-15 12:58:15.967678,status6,Feeling sad
660,2023-12-15 12:24:58.524359,status17,Running smoothly
1249,2023-12-15 12:54:11.440267,status6,On fire
1803,2023-12-15 13:22:17.946545,status18,Server is questioning its existence
38,2023-12-15 11:53:26.730977,status9,Server is craving for digital pizza
163,2023-12-15 11:59:12.501648,status14,Server is plotting world domination
991,2023-12-15 12:41:50.613645,status19,Server is questioning its existence
753,2023-12-15 12:29:38.189477,status14,Server is plotting world domination
1433,2023-12-15 13:03:23.746081,status17,Server is plotting world domination
1492,2023-12-15 13:06:15.373161,status12,Running smoothly
388,2023-12-15 12:10:41.736433,status17,Feeling sad
94,2023-12-15 11:56:01.093337,status10,Server is plotting world domination
880,2023-12-15 12:36:12.958756,status12,Feeling happy
231,2023-12-15 12:02:42.903588,status11,Server is questioning its existence
286,2023-12-15 12:05:28.199078,status20,On fire
1719,2023-12-15 13:18:13.347153,status4,Server is running on pure caffeine
638,2023-12-15 12:23:53.399448,status2,Server is dreaming of electric sheep
762,2023-12-15 12:30:09.264054,status19,Server is plotting world domination
240,2023-12-15 12:03:13.941508,status9,Server is running on pure caffeine
381,2023-12-15 12:10:21.704440,status6,Server is running on pure caffeine
1662,2023-12-15 13:15:28.009028,status17,On fire
1319,2023-12-15 12:57:45.893621,status13,Running smoothly
1415,2023-12-15 13:02:31.543523,status14,On fire
810,2023-12-15 12:32:39.567446,status16,Running smoothly
1554,2023-12-15 13:09:36.072855,status14,On fire
823,2023-12-15 12:33:22.640678,status19,Server is running on pure caffeine
1512,2023-12-15 13:07:16.576624,status8,On fire
488,2023-12-15 12:16:00.300583,status14,Server is dreaming of electric sheep
931,2023-12-15 12:38:58.227107,status10,Server is questioning its existence
945,2023-12-15 12:39:31.309851,status3,Server is dreaming of electric sheep
379,2023-12-15 12:10:12.694305,status14,Taking a nap
1162,2023-12-15 12:49:57.864036,status9,Server is plotting world domination
1562,2023-12-15 13:10:05.165483,status15,Server is dreaming of electric sheep
1387,2023-12-15 13:01:13.320636,status7,Taking a nap
635,2023-12-15 12:23:39.384950,status2,Server is questioning its existence
480,2023-12-15 12:15:29.255786,status15,Server is plotting world domination
626,2023-12-15 12:23:11.324640,status12,On fire
916,2023-12-15 12:38:06.159701,status12,Server is dreaming of electric sheep
926,2023-12-15 12:38:38.205347,status9,Server is questioning its existence
1644,2023-12-15 13:14:29.899067,status19,Taking a nap
1692,2023-12-15 13:17:01.183437,status16,Feeling sad
1128,2023-12-15 12:48:04.632009,status2,Server is questioning its existence
1861,2023-12-15 13:25:15.507256,status12,Server is questioning its existence
186,2023-12-15 12:00:30.660707,status4,Server is plotting world domination
361,2023-12-15 12:09:22.597866,status1,Server is questioning its existence
1519,2023-12-15 13:07:42.658311,status18,Server is questioning its existence
1268,2023-12-15 12:55:13.560774,status17,On fire
1167,2023-12-15 12:50:13.895088,status6,Feeling sad
541,2023-12-15 12:18:42.687080,status18,On fire
898,2023-12-15 12:37:14.069349,status3,Feeling sad
1098,2023-12-15 12:46:47.429554,status2,Server is questioning its existence
324,2023-12-15 12:07:25.404183,status6,Taking a nap
1650,2023-12-15 13:14:49.935318,status11,Server is questioning its existence
756,2023-12-15 12:29:46.214835,status17,Feeling happy
211,2023-12-15 12:01:57.802703,status3,Feeling sad
233,2023-12-15 12:02:48.915488,status11,Server is running on pure caffeine
165,2023-12-15 11:59:20.510910,status7,Feeling sad
370,2023-12-15 12:09:40.647636,status11,Server is plotting world domination
920,2023-12-15 12:38:23.177711,status10,On fire
1329,2023-12-15 12:58:10.960334,status4,Server is craving for digital pizza
413,2023-12-15 12:12:01.884834,status9,Server is questioning its existence
264,2023-12-15 12:04:24.081877,status16,Feeling happy
699,2023-12-15 12:27:02.751138,status2,Server is craving for digital pizza
187,2023-12-15 12:00:33.663996,status15,Server is dreaming of electric sheep
1712,2023-12-15 13:17:55.301769,status18,Feeling sad
760,2023-12-15 12:29:59.247075,status11,Server is dreaming of electric sheep
1641,2023-12-15 13:14:24.888546,status0,Taking a nap
1180,2023-12-15 12:50:50.969124,status0,Running smoothly
1908,2023-12-15 13:27:37.778534,status11,Server is running on pure caffeine
313,2023-12-15 12:06:58.331344,status7,Taking a nap
219,2023-12-15 12:02:17.836939,status17,Server is questioning its existence
1402,2023-12-15 13:02:00.443579,status19,Taking a nap
1069,2023-12-15 12:45:40.253158,status2,Server is plotting world domination
266,2023-12-15 12:04:30.090416,status15,Running smoothly
1267,2023-12-15 12:55:12.555683,status14,Server is questioning its existence
1482,2023-12-15 13:05:42.267005,status11,Server is questioning its existence
1362,2023-12-15 12:59:56.148888,status6,Running smoothly
76,2023-12-15 11:55:07.973953,status19,On fire
30,2023-12-15 11:52:57.679387,status17,Server is plotting world domination
305,2023-12-15 12:06:33.293226,status18,Server is craving for digital pizza
1446,2023-12-15 13:03:58.888578,status11,Running smoothly
864,2023-12-15 12:35:21.868194,status14,Server is plotting world domination
989,2023-12-15 12:41:44.597377,status9,Feeling happy
148,2023-12-15 11:58:19.417070,status8,Server is craving for digital pizza
1096,2023-12-15 12:46:41.411883,status4,Feeling happy
446,2023-12-15 12:13:37.055720,status0,Server is craving for digital pizza
1453,2023-12-15 13:04:16.955102,status9,On fire
912,2023-12-15 12:37:53.141773,status5,Server is running on pure caffeine
169,2023-12-15 11:59:35.535560,status4,Server is questioning its existence
441,2023-12-15 12:13:28.033459,status15,On fire
423,2023-12-15 12:12:36.933932,status10,Feeling sad
390,2023-12-15 12:10:45.750444,status0,Server is craving for digital pizza
242,2023-12-15 12:03:23.951934,status7,Server is craving for digital pizza
830,2023-12-15 12:33:39.684765,status2,Server is plotting world domination
669,2023-12-15 12:25:24.567056,status4,Server is running on pure caffeine
446,2023-12-15 12:13:37.055720,status0,Server is craving for digital pizza
1883,2023-12-15 13:26:30.638606,status20,Server is running on pure caffeine
1002,2023-12-15 12:42:17.709442,status20,Feeling sad
489,2023-12-15 12:16:04.305605,status15,Server is dreaming of electric sheep
1330,2023-12-15 12:58:15.967678,status6,Feeling sad
1020,2023-12-15 12:43:13.882951,status20,Feeling sad
834,2023-12-15 12:33:50.701523,status17,Running smoothly
264,2023-12-15 12:04:24.081877,status16,Feeling happy
745,2023-12-15 12:29:15.122665,status12,Feeling happy
1437,2023-12-15 13:03:33.788359,status11,Feeling sad
1837,2023-12-15 13:24:04.290793,status2,Taking a nap
1121,2023-12-15 12:47:49.583601,status9,Taking a nap
592,2023-12-15 12:21:26.119528,status12,On fire
1801,2023-12-15 13:22:12.923915,status20,Taking a nap
176,2023-12-15 12:00:00.578734,status19,Feeling happy
934,2023-12-15 12:39:04.246227,status6,Server is running on pure caffeine
969,2023-12-15 12:40:48.448684,status0,Feeling sad
417,2023-12-15 12:12:14.907454,status4,Server is craving for digital pizza
1754,2023-12-15 13:19:43.570122,status12,Server is dreaming of electric sheep
966,2023-12-15 12:40:40.432314,status17,Taking a nap
576,2023-12-15 12:20:34.985836,status11,On fire
1417,2023-12-15 13:02:38.567074,status3,Server is plotting world domination
1189,2023-12-15 12:51:14.034601,status20,Feeling happy
1295,2023-12-15 12:56:30.716583,status2,Feeling sad
464,2023-12-15 12:14:36.158870,status15,On fire
905,2023-12-15 12:37:32.108631,status16,Running smoothly
759,2023-12-15 12:29:56.237848,status15,On fire
70,2023-12-15 11:54:50.941202,status14,Server is dreaming of electric sheep
26,2023-12-15 11:52:47.656298,status20,Server is dreaming of electric sheep
1246,2023-12-15 12:54:02.419040,status15,Feeling sad
479,2023-12-15 12:15:25.249546,status8,Server is craving for digital pizza
603,2023-12-15 12:21:58.192519,status7,Feeling sad
400,2023-12-15 12:11:14.800288,status16,Server is plotting world domination
1771,2023-12-15 13:20:31.677336,status12,Server is dreaming of electric sheep
1197,2023-12-15 12:51:37.099124,status16,Feeling sad
1902,2023-12-15 13:27:18.745441,status11,Server is dreaming of electric sheep
1686,2023-12-15 13:16:48.157946,status5,Server is dreaming of electric sheep
1402,2023-12-15 13:02:00.443579,status19,Taking a nap
1084,2023-12-15 12:46:08.332488,status0,Server is dreaming of electric sheep
1877,2023-12-15 13:26:05.605297,status0,On fire
271,2023-12-15 12:04:44.121660,status0,Server is dreaming of electric sheep
1460,2023-12-15 13:04:35.028928,status11,Server is plotting world domination
990,2023-12-15 12:41:49.607752,status10,Server is running on pure caffeine
1823,2023-12-15 13:23:18.151562,status18,Running smoothly
853,2023-12-15 12:34:47.808844,status1,On fire
1076,2023-12-15 12:45:55.287510,status13,Server is running on pure caffeine
832,2023-12-15 12:33:48.693744,status8,Feeling happy
1712,2023-12-15 13:17:55.301769,status18,Feeling sad
1513,2023-12-15 13:07:20.583928,status0,Server is running on pure caffeine
1015,2023-12-15 12:43:00.835888,status14,Server is running on pure caffeine
465,2023-12-15 12:14:39.166643,status11,Server is questioning its existence
1541,2023-12-15 13:08:54.919294,status9,Running smoothly
1840,2023-12-15 13:24:18.321965,status20,Feeling sad
635,2023-12-15 12:23:39.384950,status2,Server is questioning its existence
1753,2023-12-15 13:19:38.566718,status17,Feeling sad
1859,2023-12-15 13:25:08.492351,status3,Taking a nap
162,2023-12-15 11:59:07.499823,status13,Server is craving for digital pizza
536,2023-12-15 12:18:23.651301,status5,Running smoothly
408,2023-12-15 12:11:45.854538,status7,Running smoothly
1296,2023-12-15 12:56:31.722352,status19,Feeling sad
1046,2023-12-15 12:44:43.113539,status1,Server is questioning its existence
1191,2023-12-15 12:51:18.048165,status9,Server is dreaming of electric sheep
60,2023-12-15 11:54:25.866928,status12,Taking a nap
492,2023-12-15 12:16:15.320703,status18,Feeling sad
400,2023-12-15 12:11:14.800288,status16,Server is plotting world domination
513,2023-12-15 12:17:21.463314,status8,Server is craving for digital pizza
1833,2023-12-15 13:23:51.251649,status7,Feeling sad
367,2023-12-15 12:09:32.627898,status1,Taking a nap
1594,2023-12-15 13:12:02.529585,status17,Feeling sad
874,2023-12-15 12:35:53.924740,status4,Server is dreaming of electric sheep
1417,2023-12-15 13:02:38.567074,status3,Server is plotting world domination
640,2023-12-15 12:24:00.408396,status10,Feeling happy
695,2023-12-15 12:26:52.715639,status7,Feeling happy
208,2023-12-15 12:01:46.785349,status20,Server is questioning its existence
1123,2023-12-15 12:47:53.596616,status13,Server is craving for digital pizza
1753,2023-12-15 13:19:38.566718,status17,Feeling sad
443,2023-12-15 12:13:33.042238,status18,Server is questioning its existence
1077,2023-12-15 12:45:56.293191,status12,Server is plotting world domination
1277,2023-12-15 12:55:41.611426,status16,Server is craving for digital pizza
1276,2023-12-15 12:55:39.607093,status9,Feeling sad
150,2023-12-15 11:58:26.425082,status11,Taking a nap
1376,2023-12-15 13:00:35.240854,status5,Feeling sad
1676,2023-12-15 13:16:18.101278,status13,Taking a nap
379,2023-12-15 12:10:12.694305,status14,Taking a nap
185,2023-12-15 12:00:28.625920,status8,Server is running on pure caffeine
782,2023-12-15 12:31:12.418529,status19,On fire
915,2023-12-15 12:38:02.154038,status8,Server is questioning its existence
1532,2023-12-15 13:08:27.807209,status4,Server is running on pure caffeine
1343,2023-12-15 12:58:59.049936,status0,Running smoothly
562,2023-12-15 12:19:41.864748,status9,Server is running on pure caffeine
1531,2023-12-15 13:08:26.793258,status17,Server is plotting world domination
139,2023-12-15 11:57:49.350936,status7,Taking a nap
1345,2023-12-15 12:59:04.063895,status10,Server is craving for digital pizza
1658,2023-12-15 13:15:16.987373,status13,Feeling happy
24,2023-12-15 11:52:41.641280,status6,Feeling happy
63,2023-12-15 11:54:30.886656,status0,Server is plotting world domination
7,2023-12-15 11:51:55.540131,status17,Server is running on pure caffeine
773,2023-12-15 12:30:45.352760,status20,On fire
16,2023-12-15 11:52:16.593772,status10,Server is questioning its existence
1285,2023-12-15 12:56:08.657357,status2,Taking a nap
214,2023-12-15 12:02:06.820529,status3,On fire
1561,2023-12-15 13:10:04.160947,status2,Server is running on pure caffeine
1317,2023-12-15 12:57:39.878924,status7,Server is running on pure caffeine
1835,2023-12-15 13:23:56.266548,status1,Taking a nap
367,2023-12-15 12:09:32.627898,status1,Taking a nap
1798,2023-12-15 13:22:01.887788,status16,Server is questioning its existence
505,2023-12-15 12:16:53.393882,status14,Server is plotting world domination
998,2023-12-15 12:42:04.669938,status7,On fire
844,2023-12-15 12:34:25.752219,status12,On fire
1200,2023-12-15 12:51:48.115573,status2,Running smoothly
920,2023-12-15 12:38:23.177711,status10,On fire
55,2023-12-15 11:54:10.835782,status6,Taking a nap
1250,2023-12-15 12:54:16.446604,status0,On fire
1108,2023-12-15 12:47:11.491282,status6,Server is dreaming of electric sheep
1717,2023-12-15 13:18:08.333085,status4,Taking a nap
844,2023-12-15 12:34:25.752219,status12,On fire
1444,2023-12-15 13:03:54.869817,status12,Server is plotting world domination
231,2023-12-15 12:02:42.903588,status11,Server is questioning its existence
1290,2023-12-15 12:56:19.689514,status12,Server is plotting world domination
507,2023-12-15 12:17:01.408928,status19,Server is craving for digital pizza
636,2023-12-15 12:23:44.388267,status13,Server is plotting world domination
109,2023-12-15 11:56:43.181928,status19,Taking a nap
672,2023-12-15 12:25:36.581815,status1,Taking a nap
885,2023-12-15 12:36:27.986967,status20,Server is dreaming of electric sheep
1871,2023-12-15 13:25:45.571217,status12,Server is plotting world domination
570,2023-12-15 12:20:10.939839,status15,Running smoothly
1832,2023-12-15 13:23:46.239291,status10,On fire
1394,2023-12-15 13:01:33.377483,status0,Feeling happy
1143,2023-12-15 12:48:55.734225,status20,Running smoothly
1722,2023-12-15 13:18:20.367820,status20,Taking a nap
869,2023-12-15 12:35:41.895761,status12,Server is dreaming of electric sheep
899,2023-12-15 12:37:17.072026,status9,Feeling happy
905,2023-12-15 12:37:32.108631,status16,Running smoothly
593,2023-12-15 12:21:31.128789,status0,Server is craving for digital pizza
1645,2023-12-15 13:14:32.906585,status8,Running smoothly
418,2023-12-15 12:12:17.911706,status1,On fire
1084,2023-12-15 12:46:08.332488,status0,Server is dreaming of electric sheep
484,2023-12-15 12:15:42.278222,status8,On fire
557,2023-12-15 12:19:31.822079,status19,Server is running on pure caffeine
208,2023-12-15 12:01:46.785349,status20,Server is questioning its existence
1018,2023-12-15 12:43:10.858963,status6,Taking a nap
1018,2023-12-15 12:43:10.858963,status6,Taking a nap
794,2023-12-15 12:31:48.487733,status15,Feeling happy
871,2023-12-15 12:35:47.906040,status4,Taking a nap
1191,2023-12-15 12:51:18.048165,status9,Server is dreaming of electric sheep
1353,2023-12-15 12:59:30.094318,status6,Server is running on pure caffeine
1473,2023-12-15 13:05:08.167462,status6,Taking a nap
312,2023-12-15 12:06:55.327428,status16,Server is questioning its existence
618,2023-12-15 12:22:49.274705,status20,Server is dreaming of electric sheep
807,2023-12-15 12:32:29.551114,status13,Server is dreaming of electric sheep
1021,2023-12-15 12:43:17.889437,status12,Feeling happy
875,2023-12-15 12:35:56.929955,status15,Server is dreaming of electric sheep
402,2023-12-15 12:11:19.808053,status6,Server is craving for digital pizza
1810,2023-12-15 13:22:40.006973,status17,Taking a nap
745,2023-12-15 12:29:15.122665,status12,Feeling happy
612,2023-12-15 12:22:24.245339,status14,Server is craving for digital pizza
243,2023-12-15 12:03:27.953920,status7,Feeling happy
1244,2023-12-15 12:53:57.405636,status14,Server is running on pure caffeine
907,2023-12-15 12:37:39.118481,status18,Server is craving for digital pizza
1428,2023-12-15 13:03:09.685403,status4,Server is running on pure caffeine
537,2023-12-15 12:18:25.659311,status19,Feeling happy
630,2023-12-15 12:23:24.351737,status0,Server is craving for digital pizza
590,2023-12-15 12:21:19.102657,status6,Server is running on pure caffeine
129,2023-12-15 11:57:26.293103,status20,Server is dreaming of electric sheep
1823,2023-12-15 13:23:18.151562,status18,Running smoothly
1659,2023-12-15 13:15:20.994570,status3,Running smoothly
441,2023-12-15 12:13:28.033459,status15,On fire
1705,2023-12-15 13:17:31.259743,status13,Running smoothly
1191,2023-12-15 12:51:18.048165,status9,Server is dreaming of electric sheep
47,2023-12-15 11:53:49.782814,status5,Server is questioning its existence
819,2023-12-15 12:33:08.615379,status10,Taking a nap
867,2023-12-15 12:35:32.887598,status3,Server is plotting world domination
724,2023-12-15 12:28:09.962792,status18,Feeling sad
562,2023-12-15 12:19:41.864748,status9,Server is running on pure caffeine
1044,2023-12-15 12:44:34.099501,status8,On fire
1189,2023-12-15 12:51:14.034601,status20,Feeling happy
525,2023-12-15 12:17:50.556252,status13,Feeling sad
154,2023-12-15 11:58:38.444975,status11,Server is running on pure caffeine
1768,2023-12-15 13:20:25.660585,status4,Feeling sad
244,2023-12-15 12:03:29.960066,status9,Server is questioning its existence
754,2023-12-15 12:29:41.195550,status0,Server is questioning its existence
453,2023-12-15 12:14:00.094128,status9,Server is questioning its existence
1911,2023-12-15 13:27:44.797178,status16,Server is questioning its existence
612,2023-12-15 12:22:24.245339,status14,Server is craving for digital pizza
1398,2023-12-15 13:01:47.411025,status11,Taking a nap
699,2023-12-15 12:27:02.751138,status2,Server is craving for digital pizza
1529,2023-12-15 13:08:16.768771,status18,Feeling happy
1100,2023-12-15 12:46:51.444759,status12,Taking a nap
914,2023-12-15 12:37:57.150142,status3,Server is dreaming of electric sheep
251,2023-12-15 12:03:45.995439,status3,Feeling happy
1661,2023-12-15 13:15:23.002808,status9,Taking a nap
745,2023-12-15 12:29:15.122665,status12,Feeling happy
754,2023-12-15 12:29:41.195550,status0,Server is questioning its existence
1354,2023-12-15 12:59:35.099886,status17,Server is craving for digital pizza
313,2023-12-15 12:06:58.331344,status7,Taking a nap
878,2023-12-15 12:36:07.948558,status19,On fire
1456,2023-12-15 13:04:21.988066,status14,Server is plotting world domination
1460,2023-12-15 13:04:35.028928,status11,Server is plotting world domination
1820,2023-12-15 13:23:08.115915,status4,On fire
1044,2023-12-15 12:44:34.099501,status8,On fire
264,2023-12-15 12:04:24.081877,status16,Feeling happy
1326,2023-12-15 12:58:01.940737,status8,On fire
1546,2023-12-15 13:09:14.991545,status2,Server is plotting world domination
797,2023-12-15 12:31:54.495301,status12,Server is plotting world domination
31,2023-12-15 11:53:01.686256,status6,Server is running on pure caffeine
1430,2023-12-15 13:03:12.711382,status19,Feeling happy
1891,2023-12-15 13:26:51.683532,status12,Feeling sad
1683,2023-12-15 13:16:43.144369,status8,Feeling sad
1118,2023-12-15 12:47:40.567353,status3,Server is running on pure caffeine
436,2023-12-15 12:13:11.015185,status0,On fire
1025,2023-12-15 12:43:30.929520,status16,Running smoothly
1658,2023-12-15 13:15:16.987373,status13,Feeling happy
1138,2023-12-15 12:48:39.698098,status20,Feeling happy
54,2023-12-15 11:54:06.828964,status12,Feeling sad
1224,2023-12-15 12:53:03.272992,status2,Taking a nap
1695,2023-12-15 13:17:11.203255,status9,On fire
269,2023-12-15 12:04:40.106661,status4,Running smoothly
1440,2023-12-15 13:03:41.820655,status17,Server is plotting world domination
1201,2023-12-15 12:51:49.122679,status6,Feeling happy
1300,2023-12-15 12:56:44.753175,status7,Server is dreaming of electric sheep
618,2023-12-15 12:22:49.274705,status20,Server is dreaming of electric sheep
534,2023-12-15 12:18:16.633952,status5,Feeling sad
1224,2023-12-15 12:53:03.272992,status2,Taking a nap
869,2023-12-15 12:35:41.895761,status12,Server is dreaming of electric sheep
1759,2023-12-15 13:20:00.600436,status2,Server is dreaming of electric sheep
1336,2023-12-15 12:58:35.010196,status9,Server is questioning its existence
744,2023-12-15 12:29:10.113550,status12,Server is running on pure caffeine
1394,2023-12-15 13:01:33.377483,status0,Feeling happy
825,2023-12-15 12:33:28.652318,status4,Feeling sad
765,2023-12-15 12:30:20.293221,status14,Server is plotting world domination
1314,2023-12-15 12:57:29.857755,status20,Feeling happy
1699,2023-12-15 13:17:18.232761,status13,Server is running on pure caffeine
250,2023-12-15 12:03:44.992033,status19,Server is craving for digital pizza
1812,2023-12-15 13:22:47.026871,status7,Server is craving for digital pizza
1254,2023-12-15 12:54:30.474153,status12,Server is running on pure caffeine
923,2023-12-15 12:38:30.191683,status20,Feeling happy
1729,2023-12-15 13:18:36.408313,status18,Feeling sad
635,2023-12-15 12:23:39.384950,status2,Server is questioning its existence
258,2023-12-15 12:04:08.046027,status19,Feeling happy
1583,2023-12-15 13:11:15.416503,status6,Server is questioning its existence
396,2023-12-15 12:11:04.781830,status11,Server is running on pure caffeine
879,2023-12-15 12:36:08.952493,status12,Taking a nap
1365,2023-12-15 13:00:08.168617,status19,Server is craving for digital pizza
797,2023-12-15 12:31:54.495301,status12,Server is plotting world domination
1236,2023-12-15 12:53:31.347168,status17,Feeling sad
1854,2023-12-15 13:24:56.456833,status20,Server is dreaming of electric sheep
0,2023-12-15 11:51:28.491758,status13,Server is craving for digital pizza
1245,2023-12-15 12:54:00.412970,status10,Feeling happy
747,2023-12-15 12:29:21.136778,status11,Server is questioning its existence
347,2023-12-15 12:08:40.528029,status11,Taking a nap
1720,2023-12-15 13:18:14.354555,status1,Server is running on pure caffeine
597,2023-12-15 12:21:41.163633,status1,Feeling sad
906,2023-12-15 12:37:36.111696,status19,Server is running on pure caffeine
54,2023-12-15 11:54:06.828964,status12,Feeling sad
1758,2023-12-15 13:19:56.593027,status18,Running smoothly
282,2023-12-15 12:05:14.176756,status8,Feeling happy
1330,2023-12-15 12:58:15.967678,status6,Feeling sad
78,2023-12-15 11:55:13.989305,status16,Taking a nap
157,2023-12-15 11:58:48.472561,status8,Server is questioning its existence
781,2023-12-15 12:31:11.412636,status19,Server is questioning its existence
258,2023-12-15 12:04:08.046027,status19,Feeling happy
1551,2023-12-15 13:09:30.040915,status9,On fire
808,2023-12-15 12:32:33.558181,status12,Taking a nap
1170,2023-12-15 12:50:24.912973,status16,Server is craving for digital pizza
183,2023-12-15 12:00:22.616932,status6,Running smoothly
412,2023-12-15 12:11:58.878229,status17,Server is craving for digital pizza
1381,2023-12-15 13:00:51.278165,status8,Running smoothly
152,2023-12-15 11:58:32.436964,status9,Server is plotting world domination
682,2023-12-15 12:25:59.634547,status7,Running smoothly
1003,2023-12-15 12:42:21.715644,status7,Server is running on pure caffeine
1372,2023-12-15 13:00:23.212828,status10,Feeling sad
759,2023-12-15 12:29:56.237848,status15,On fire
1238,2023-12-15 12:53:38.362149,status20,Feeling happy
1334,2023-12-15 12:58:27.995418,status12,Server is plotting world domination
416,2023-12-15 12:12:13.904915,status12,Taking a nap
731,2023-12-15 12:28:32.016338,status20,Server is running on pure caffeine
1773,2023-12-15 13:20:39.689148,status20,Server is dreaming of electric sheep
1544,2023-12-15 13:09:07.962513,status1,Server is questioning its existence
1358,2023-12-15 12:59:48.123373,status12,Server is craving for digital pizza
0,2023-12-15 11:51:28.491758,status13,Server is craving for digital pizza
653,2023-12-15 12:24:37.475747,status12,Feeling happy
1486,2023-12-15 13:05:55.308481,status4,Server is running on pure caffeine
458,2023-12-15 12:14:22.121118,status6,Server is craving for digital pizza
1862,2023-12-15 13:25:20.509821,status12,Server is craving for digital pizza
1422,2023-12-15 13:02:47.631414,status13,Server is dreaming of electric sheep
482,2023-12-15 12:15:35.267304,status11,Feeling happy
290,2023-12-15 12:05:43.226253,status2,Feeling happy
571,2023-12-15 12:20:15.948141,status0,Server is running on pure caffeine
1770,2023-12-15 13:20:29.669978,status14,Running smoothly
1298,2023-12-15 12:56:37.736382,status7,Taking a nap
49,2023-12-15 11:53:59.795963,status17,Server is dreaming of electric sheep
437,2023-12-15 12:13:14.017188,status12,Taking a nap
446,2023-12-15 12:13:37.055720,status0,Server is craving for digital pizza
1145,2023-12-15 12:49:04.742850,status16,On fire
76,2023-12-15 11:55:07.973953,status19,On fire
393,2023-12-15 12:10:55.766934,status17,Server is plotting world domination
1358,2023-12-15 12:59:48.123373,status12,Server is craving for digital pizza
924,2023-12-15 12:38:31.195218,status15,Feeling sad
885,2023-12-15 12:36:27.986967,status20,Server is dreaming of electric sheep
957,2023-12-15 12:40:14.383108,status9,Server is dreaming of electric sheep
1835,2023-12-15 13:23:56.266548,status1,Taking a nap
95,2023-12-15 11:56:05.101956,status8,Taking a nap
1425,2023-12-15 13:02:55.660853,status17,Server is running on pure caffeine
837,2023-12-15 12:33:59.710919,status20,Server is running on pure caffeine
1273,2023-12-15 12:55:30.595744,status19,Server is craving for digital pizza
152,2023-12-15 11:58:32.436964,status9,Server is plotting world domination
37,2023-12-15 11:53:24.723704,status6,Server is running on pure caffeine
209,2023-12-15 12:01:51.791461,status2,Running smoothly
345,2023-12-15 12:08:35.513784,status11,Taking a nap
1430,2023-12-15 13:03:12.711382,status19,Feeling happy
292,2023-12-15 12:05:49.234024,status10,Feeling sad
974,2023-12-15 12:41:03.478435,status5,Feeling happy
1837,2023-12-15 13:24:04.290793,status2,Taking a nap
1806,2023-12-15 13:22:26.971452,status14,Running smoothly
770,2023-12-15 12:30:34.336024,status8,Server is dreaming of electric sheep
1465,2023-12-15 13:04:47.084857,status19,Server is plotting world domination
929,2023-12-15 12:38:52.216963,status10,Server is questioning its existence
1562,2023-12-15 13:10:05.165483,status15,Server is dreaming of electric sheep
1042,2023-12-15 12:44:24.079646,status8,Server is running on pure caffeine
857,2023-12-15 12:35:00.831883,status16,Running smoothly
1158,2023-12-15 12:49:45.836121,status4,Server is running on pure caffeine
1186,2023-12-15 12:51:08.012095,status15,Server is questioning its existence
1623,2023-12-15 13:13:27.788651,status16,Server is dreaming of electric sheep
177,2023-12-15 12:00:04.583698,status4,Server is craving for digital pizza
841,2023-12-15 12:34:17.736064,status0,Server is plotting world domination
1454,2023-12-15 13:04:17.965035,status1,Server is plotting world domination
861,2023-12-15 12:35:14.853096,status8,On fire
1666,2023-12-15 13:15:40.032388,status0,Feeling happy
371,2023-12-15 12:09:45.652612,status7,Server is craving for digital pizza
1534,2023-12-15 13:08:33.832828,status8,Taking a nap
1047,2023-12-15 12:44:48.122944,status3,Server is dreaming of electric sheep
924,2023-12-15 12:38:31.195218,status15,Feeling sad
1714,2023-12-15 13:17:59.315698,status16,Running smoothly
1634,2023-12-15 13:13:59.851561,status5,Server is dreaming of electric sheep
755,2023-12-15 12:29:43.203813,status6,Server is plotting world domination
518,2023-12-15 12:17:32.491611,status11,Running smoothly
1638,2023-12-15 13:14:16.874467,status5,Feeling sad
1904,2023-12-15 13:27:22.758864,status19,Feeling sad
1491,2023-12-15 13:06:10.365404,status3,Taking a nap
129,2023-12-15 11:57:26.293103,status20,Server is dreaming of electric sheep
1259,2023-12-15 12:54:45.508338,status4,Server is questioning its existence
619,2023-12-15 12:22:50.281845,status18,Server is craving for digital pizza
864,2023-12-15 12:35:21.868194,status14,Server is plotting world domination
250,2023-12-15 12:03:44.992033,status19,Server is craving for digital pizza
1298,2023-12-15 12:56:37.736382,status7,Taking a nap
1088,2023-12-15 12:46:20.351370,status18,Server is plotting world domination
436,2023-12-15 12:13:11.015185,status0,On fire
582,2023-12-15 12:20:53.032042,status7,Running smoothly
469,2023-12-15 12:14:53.194107,status6,Feeling sad
524,2023-12-15 12:17:48.543694,status6,Feeling sad
870,2023-12-15 12:35:46.902397,status6,Server is running on pure caffeine
868,2023-12-15 12:35:36.889194,status11,Server is craving for digital pizza
1357,2023-12-15 12:59:45.116444,status2,Server is plotting world domination
421,2023-12-15 12:12:29.924943,status16,On fire
212,2023-12-15 12:02:01.808900,status3,Server is questioning its existence
1417,2023-12-15 13:02:38.567074,status3,Server is plotting world domination
1247,2023-12-15 12:54:03.425458,status18,Server is plotting world domination
1023,2023-12-15 12:43:24.910588,status7,Server is dreaming of electric sheep
1297,2023-12-15 12:56:33.725766,status16,Server is dreaming of electric sheep
84,2023-12-15 11:55:30.030255,status12,On fire
1758,2023-12-15 13:19:56.593027,status18,Running smoothly
1276,2023-12-15 12:55:39.607093,status9,Feeling sad
1199,2023-12-15 12:51:44.113075,status6,Taking a nap
800,2023-12-15 12:32:03.512187,status9,Server is craving for digital pizza
600,2023-12-15 12:21:51.181638,status19,Server is running on pure caffeine
1518,2023-12-15 13:07:38.644397,status6,Server is craving for digital pizza
73,2023-12-15 11:54:58.957876,status5,Feeling happy
689,2023-12-15 12:26:28.670883,status3,Feeling happy
1420,2023-12-15 13:02:41.608111,status1,Taking a nap
1053,2023-12-15 12:45:01.178639,status9,Server is dreaming of electric sheep
1501,2023-12-15 13:06:44.459376,status18,Feeling happy
1364,2023-12-15 13:00:03.161246,status11,Server is plotting world domination
1649,2023-12-15 13:14:44.927988,status1,Taking a nap
1177,2023-12-15 12:50:40.951470,status9,Server is running on pure caffeine
1777,2023-12-15 13:20:53.712003,status20,Server is running on pure caffeine
794,2023-12-15 12:31:48.487733,status15,Feeling happy
1198,2023-12-15 12:51:40.105838,status7,On fire
934,2023-12-15 12:39:04.246227,status6,Server is running on pure caffeine
1068,2023-12-15 12:45:38.246428,status12,Server is craving for digital pizza
853,2023-12-15 12:34:47.808844,status1,On fire
1192,2023-12-15 12:51:19.057233,status6,Taking a nap
1827,2023-12-15 13:23:25.195217,status12,Running smoothly
1901,2023-12-15 13:27:16.739132,status0,Running smoothly
891,2023-12-15 12:36:50.019465,status17,Server is dreaming of electric sheep
1619,2023-12-15 13:13:11.766071,status16,Feeling happy
230,2023-12-15 12:02:40.900681,status17,Feeling happy
779,2023-12-15 12:31:03.403497,status14,Server is dreaming of electric sheep
1481,2023-12-15 13:05:38.259954,status19,Running smoothly
1716,2023-12-15 13:18:04.325191,status12,Taking a nap
808,2023-12-15 12:32:33.558181,status12,Taking a nap
1317,2023-12-15 12:57:39.878924,status7,Server is running on pure caffeine
1503,2023-12-15 13:06:51.474492,status7,Server is running on pure caffeine
169,2023-12-15 11:59:35.535560,status4,Server is questioning its existence
507,2023-12-15 12:17:01.408928,status19,Server is craving for digital pizza
951,2023-12-15 12:39:56.344945,status7,Taking a nap
789,2023-12-15 12:31:32.454567,status2,Feeling sad
678,2023-12-15 12:25:48.609768,status2,Server is running on pure caffeine
1591,2023-12-15 13:11:51.502991,status11,Server is running on pure caffeine
1773,2023-12-15 13:20:39.689148,status20,Server is dreaming of electric sheep
100,2023-12-15 11:56:20.134674,status3,Taking a nap
1696,2023-12-15 13:17:13.210132,status2,Feeling sad
1387,2023-12-15 13:01:13.320636,status7,Taking a nap
1631,2023-12-15 13:13:49.833915,status5,Server is questioning its existence
1000,2023-12-15 12:42:11.689793,status5,Server is craving for digital pizza
1648,2023-12-15 13:14:42.921871,status19,Taking a nap
419,2023-12-15 12:12:21.914004,status5,Server is running on pure caffeine
1403,2023-12-15 13:02:01.450944,status5,Server is questioning its existence
848,2023-12-15 12:34:37.779462,status6,Server is dreaming of electric sheep
585,2023-12-15 12:21:00.059431,status9,Running smoothly
920,2023-12-15 12:38:23.177711,status10,On fire
535,2023-12-15 12:18:18.640628,status9,Server is dreaming of electric sheep
1361,2023-12-15 12:59:54.142426,status2,Server is questioning its existence
1120,2023-12-15 12:47:44.576168,status10,Server is questioning its existence
1768,2023-12-15 13:20:25.660585,status4,Feeling sad
1339,2023-12-15 12:58:44.024681,status8,On fire
1176,2023-12-15 12:50:37.948157,status11,Server is dreaming of electric sheep
530,2023-12-15 12:18:02.603320,status0,On fire
322,2023-12-15 12:07:15.390562,status8,Taking a nap
1714,2023-12-15 13:17:59.315698,status16,Running smoothly
1000,2023-12-15 12:42:11.689793,status5,Server is craving for digital pizza
1163,2023-12-15 12:50:01.872040,status6,Server is dreaming of electric sheep
1374,2023-12-15 13:00:25.227896,status11,Server is running on pure caffeine
925,2023-12-15 12:38:35.202167,status13,Server is dreaming of electric sheep
760,2023-12-15 12:29:59.247075,status11,Server is dreaming of electric sheep
1179,2023-12-15 12:50:49.964760,status5,Server is plotting world domination
1314,2023-12-15 12:57:29.857755,status20,Feeling happy
953,2023-12-15 12:40:04.356421,status12,Server is craving for digital pizza
1273,2023-12-15 12:55:30.595744,status19,Server is craving for digital pizza
751,2023-12-15 12:29:32.172690,status9,On fire
740,2023-12-15 12:29:00.078621,status14,On fire
564,2023-12-15 12:19:48.885764,status20,Server is plotting world domination
465,2023-12-15 12:14:39.166643,status11,Server is questioning its existence
1439,2023-12-15 13:03:40.806872,status9,Server is questioning its existence
889,2023-12-15 12:36:43.011149,status19,On fire
1012,2023-12-15 12:42:52.807874,status16,Running smoothly
1894,2023-12-15 13:26:59.699082,status19,On fire
1654,2023-12-15 13:15:04.961095,status10,Running smoothly
460,2023-12-15 12:14:27.134312,status0,Running smoothly
685,2023-12-15 12:26:11.652258,status4,Server is questioning its existence
968,2023-12-15 12:40:47.442732,status10,Server is dreaming of electric sheep
1356,2023-12-15 12:59:42.109561,status9,On fire
1349,2023-12-15 12:59:18.076986,status3,On fire
837,2023-12-15 12:33:59.710919,status20,Server is running on pure caffeine
33,2023-12-15 11:53:10.697057,status14,Taking a nap
1177,2023-12-15 12:50:40.951470,status9,Server is running on pure caffeine
791,2023-12-15 12:31:39.465717,status0,Server is craving for digital pizza
1797,2023-12-15 13:21:59.875270,status1,Server is craving for digital pizza
721,2023-12-15 12:28:02.941082,status16,Server is plotting world domination
187,2023-12-15 12:00:33.663996,status15,Server is dreaming of electric sheep
701,2023-12-15 12:27:07.769229,status13,Feeling happy
1493,2023-12-15 13:06:16.377980,status15,On fire
1510,2023-12-15 13:07:08.552592,status15,Feeling happy
31,2023-12-15 11:53:01.686256,status6,Server is running on pure caffeine
1499,2023-12-15 13:06:39.436388,status10,Feeling sad
1784,2023-12-15 13:21:15.760059,status12,Feeling happy
1241,2023-12-15 12:53:49.384343,status10,Server is craving for digital pizza
1792,2023-12-15 13:21:41.825759,status7,Feeling sad
1890,2023-12-15 13:26:47.679624,status19,Taking a nap
520,2023-12-15 12:17:38.516786,status2,Server is questioning its existence
1059,2023-12-15 12:45:15.212724,status15,Server is plotting world domination
1488,2023-12-15 13:06:04.333049,status8,On fire
1528,2023-12-15 13:08:13.757538,status2,Server is craving for digital pizza
1494,2023-12-15 13:06:19.390303,status2,Server is dreaming of electric sheep
254,2023-12-15 12:03:58.018625,status16,Feeling sad
1733,2023-12-15 13:18:52.440879,status0,Feeling happy
1112,2023-12-15 12:47:20.520325,status16,Server is dreaming of electric sheep
494,2023-12-15 12:16:23.334177,status20,Running smoothly
115,2023-12-15 11:56:50.213377,status8,Taking a nap
286,2023-12-15 12:05:28.199078,status20,On fire
704,2023-12-15 12:27:15.795475,status5,Taking a nap
1430,2023-12-15 13:03:12.711382,status19,Feeling happy
773,2023-12-15 12:30:45.352760,status20,On fire
648,2023-12-15 12:24:20.445181,status14,On fire
269,2023-12-15 12:04:40.106661,status4,Running smoothly
1427,2023-12-15 13:03:05.673102,status4,Feeling happy
442,2023-12-15 12:13:31.036355,status6,Feeling happy
1145,2023-12-15 12:49:04.742850,status16,On fire
1874,2023-12-15 13:25:50.586957,status5,Server is dreaming of electric sheep
524,2023-12-15 12:17:48.543694,status6,Feeling sad
635,2023-12-15 12:23:39.384950,status2,Server is questioning its existence
1280,2023-12-15 12:55:51.622190,status5,Server is questioning its existence
782,2023-12-15 12:31:12.418529,status19,On fire
908,2023-12-15 12:37:42.122625,status6,Taking a nap
463,2023-12-15 12:14:33.154686,status13,On fire
798,2023-12-15 12:31:58.502859,status15,Server is plotting world domination
599,2023-12-15 12:21:47.177128,status5,Server is plotting world domination
467,2023-12-15 12:14:46.179279,status6,On fire
703,2023-12-15 12:27:14.784286,status11,Server is craving for digital pizza
1128,2023-12-15 12:48:04.632009,status2,Server is questioning its existence
959,2023-12-15 12:40:20.395960,status13,Server is dreaming of electric sheep
560,2023-12-15 12:19:37.849604,status18,Server is questioning its existence
972,2023-12-15 12:40:58.469645,status14,Feeling happy
873,2023-12-15 12:35:52.920294,status2,Server is dreaming of electric sheep
1030,2023-12-15 12:43:46.982216,status3,Server is dreaming of electric sheep
244,2023-12-15 12:03:29.960066,status9,Server is questioning its existence
586,2023-12-15 12:21:02.065469,status18,Feeling sad
710,2023-12-15 12:27:36.850218,status10,Server is plotting world domination
388,2023-12-15 12:10:41.736433,status17,Feeling sad
1589,2023-12-15 13:11:42.484830,status8,Feeling happy
683,2023-12-15 12:26:04.637769,status11,Feeling sad
1738,2023-12-15 13:19:06.483907,status14,Running smoothly
743,2023-12-15 12:29:06.107217,status4,Feeling sad
369,2023-12-15 12:09:39.641063,status6,Server is plotting world domination
1768,2023-12-15 13:20:25.660585,status4,Feeling sad
1568,2023-12-15 13:10:28.239884,status0,Taking a nap
1723,2023-12-15 13:18:25.372987,status7,Server is running on pure caffeine
1570,2023-12-15 13:10:32.262720,status12,On fire
556,2023-12-15 12:19:27.816581,status18,Feeling happy
225,2023-12-15 12:02:31.873199,status2,Server is craving for digital pizza
1246,2023-12-15 12:54:02.419040,status15,Feeling sad
512,2023-12-15 12:17:17.451313,status8,On fire
1337,2023-12-15 12:58:37.013792,status11,Feeling sad
432,2023-12-15 12:12:57.991696,status1,Taking a nap
267,2023-12-15 12:04:31.097844,status13,Server is running on pure caffeine
1248,2023-12-15 12:54:08.432876,status1,Server is questioning its existence
1671,2023-12-15 13:15:57.068337,status12,Feeling happy
388,2023-12-15 12:10:41.736433,status17,Feeling sad
726,2023-12-15 12:28:19.980476,status6,Taking a nap
211,2023-12-15 12:01:57.802703,status3,Feeling sad
827,2023-12-15 12:33:31.666929,status17,Server is plotting world domination
1500,2023-12-15 13:06:42.448408,status13,Server is plotting world domination
1073,2023-12-15 12:45:50.277121,status0,Server is running on pure caffeine
922,2023-12-15 12:38:26.185231,status14,Running smoothly
1355,2023-12-15 12:59:39.102621,status16,Server is questioning its existence
1466,2023-12-15 13:04:49.097134,status1,Server is plotting world domination
1577,2023-12-15 13:10:58.347574,status7,Server is running on pure caffeine
881,2023-12-15 12:36:17.964231,status2,Feeling happy
1739,2023-12-15 13:19:10.486656,status14,Running smoothly
363,2023-12-15 12:09:24.608869,status11,Server is plotting world domination
619,2023-12-15 12:22:50.281845,status18,Server is craving for digital pizza
489,2023-12-15 12:16:04.305605,status15,Server is dreaming of electric sheep
457,2023-12-15 12:14:17.117533,status17,Server is running on pure caffeine
1034,2023-12-15 12:44:03.015980,status18,Server is craving for digital pizza
1456,2023-12-15 13:04:21.988066,status14,Server is plotting world domination
1257,2023-12-15 12:54:37.492578,status8,Server is plotting world domination
1655,2023-12-15 13:15:09.968569,status3,Feeling happy
955,2023-12-15 12:40:12.369205,status14,Running smoothly
77,2023-12-15 11:55:09.981310,status19,Running smoothly
433,2023-12-15 12:13:00.997652,status19,Server is questioning its existence
1092,2023-12-15 12:46:29.376609,status15,Feeling happy
1181,2023-12-15 12:50:52.974507,status16,Server is dreaming of electric sheep
202,2023-12-15 12:01:23.752504,status14,On fire
1625,2023-12-15 13:13:29.797498,status1,Feeling sad
1267,2023-12-15 12:55:12.555683,status14,Server is questioning its existence
1710,2023-12-15 13:17:48.290005,status3,Server is running on pure caffeine
1242,2023-12-15 12:53:51.391741,status7,Feeling sad
810,2023-12-15 12:32:39.567446,status16,Running smoothly
